Bait,Prey,AvgSpec,Localization
43717,Q9P0V9,5.5,ACT
43717,P62244,5,ACT
43717,Q5VVD0,5,ACT
43717,P55884,2,ACT
ACTB,Q53HG7,108.5,ACT
ACTB,P68032,101.5,ACT
ACTB,Q01518,63,ACT
ACTB,P37802,55,ACT
ACTB,Q562R1,44,ACT
ACTB,A0MZ66,39.5,ACT
ACTB,Q96JH7,34.5,ACT
ACTB,Q15417,33,ACT
ACTB,Q9UDY2,24.5,ACT
ACTB,Q96AF9,20.5,ACT
ACTB,Q969V6,17.5,ACT
ACTB,V9HW92,15.5,ACT
ACTB,P13796,15,ACT
ACTB,Q96C19,15,ACT
ACTB,Q8TF74,14.5,ACT
ACTB,Q9Y613,12.5,ACT
ACTB,Q0ZGT2,12,ACT
ACTB,Q6PJX3,12,ACT
ACTB,Q6FGM0,10.5,ACT
ACTB,P54578,10,ACT
ACTB,P18206,9,ACT
ACTB,Q9Y6U3,9,ACT
ACTB,Q5JPJ8,8.5,ACT
ACTB,A0A0S2Z4Y3,8,ACT
ACTB,Q32MZ4,8,ACT
ACTB,Q2NKX8,7,ACT
ACTB,Q5SYE7,7,ACT
ACTB,Q9UKY7,7,ACT
ACTB,P50552,6.5,ACT
ACTB,O75167,6,ACT
ACTB,A6NGB9,5.5,ACT
ACTB,O43768,5.5,ACT
ACTB,Q12929,5.5,ACT
ACTB,Q86TP1,5.5,ACT
ACTB,Q9Y281,5.5,ACT
ACTB,Q96M96,5,ACT
ACTB,O00401,4.5,ACT
ACTB,Q59HA3,4.5,ACT
ACTB,Q8NBF2,4.5,ACT
ACTB,A1L390,4,ACT
ACTB,P83436,4,ACT
ACTB,Q9BQI0,4,ACT
ACTB,Q96D71,3.5,ACT
ACTB,P23677,3,ACT
ACTB,P28289,3,ACT
ACTB,Q7Z4H3,3,ACT
ACTB,Q9NZR1,3,ACT
ACTB,Q9Y608,3,ACT
ACTB,Q08495,2.5,ACT
ACTB,Q155Q3,2.5,ACT
ACTB,Q8WVD2,2.5,ACT
ACTB,Q9GZZ1,2.5,ACT
ACTB,Q9Y4D1,2.5,ACT
ACTB,Q6IBS0,2,ACT
ACTB,Q8WZ74,2,ACT
ACTB,Q9UKT4,2,ACT
ACTR2,P68133,22,ACT
ACTR2,Q9Y3I0,5,ACT
ACTR2,Q8WVJ2,2.5,ACT
AGPS,O15228,101,PER
AGPS,Q59HG9,29,PER
AGPS,P04040,22.5,PER
AGPS,Q9UJ83,19,PER
AGPS,O75521,18.5,PER
AGPS,Q6YN16,16,PER
AGPS,Q9Y2Q3,16,PER
AGPS,Q08426,13.5,PER
AGPS,O14734,12.5,PER
AGPS,Q9BQG2,11,PER
AGPS,Q9NP80,11,PER
AGPS,P09110,9,PER
AGPS,Q15051,8.5,PER
AGPS,Q15067,8.5,PER
AGPS,O14832,6.5,PER
AGPS,Q86WA8,6.5,PER
AGPS,Q92968,5.5,PER
AGPS,Q9NUI1,5.5,PER
AGPS,Q709F0,5,PER
AGPS,Q2T9J0,3.5,PER
AGPS,Q9P2P1,3,PER
AGPS,A3KMH1,2.5,PER
AGPS,O15063,2.5,PER
AGPS,Q9BTZ2,2,PER
AIFM1C,P06576,68.25,MT
AIFM1C,Q86TX2,56.25,MT
AIFM1C,P49753,50.25,MT
AIFM1C,P10599,49.5,MT
AIFM1C,P54819,42.25,MT
AIFM1C,P14854,39,MT
AIFM1C,P25705,38.5,MT
AIFM1C,P12532,38.25,MT
AIFM1C,Q96BR5,31.5,MT
AIFM1C,Q14249,29.25,MT
AIFM1C,P36551,23.75,MT
AIFM1C,Q3ZCQ8,23.25,MT
AIFM1C,Q99714,23.25,MT
AIFM1C,P13073,18.5,MT
AIFM1C,Q9Y5L4,18.5,MT
AIFM1C,P51970,18.25,MT
AIFM1C,O94826,17.75,MT
AIFM1C,P34897,17.5,MT
AIFM1C,Q4VC31,17,MT
AIFM1C,Q96C36,17,MT
AIFM1C,O96008,16.5,MT
AIFM1C,P38117,16,MT
AIFM1C,Q6DKK2,15.25,MT
AIFM1C,Q5JTJ3,14.25,MT
AIFM1C,Q5T9A4,14.25,MT
AIFM1C,P35232,13.5,MT
AIFM1C,O00165,13.25,MT
AIFM1C,P20674,13,MT
AIFM1C,Q7KZN9,13,MT
AIFM1C,O75306,12.25,MT
AIFM1C,Q6UXV4,12,MT
AIFM1C,P32322,11.5,MT
AIFM1C,P53701,10.75,MT
AIFM1C,P48047,10.5,MT
AIFM1C,P83111,10.5,MT
AIFM1C,Q14061,10.5,MT
AIFM1C,Q96TA2,10.5,MT
AIFM1C,Q9H845,10.5,MT
AIFM1C,O75947,10.25,MT
AIFM1C,Q96A73,10.25,MT
AIFM1C,Q6UB35,9.25,MT
AIFM1C,O75431,9,MT
AIFM1C,O75489,9,MT
AIFM1C,Q9P0J0,8.75,MT
AIFM1C,O43715,8.5,MT
AIFM1C,O75616,8,MT
AIFM1C,P28331,8,MT
AIFM1C,Q9Y512,8,MT
AIFM1C,Q16718,7.75,MT
AIFM1C,O60220,7.5,MT
AIFM1C,Q9BPX6,7.25,MT
AIFM1C,Q96C01,7,MT
AIFM1C,O43920,6.25,MT
AIFM1C,P24539,6.25,MT
AIFM1C,Q5TC12,6,MT
AIFM1C,O75746,5.75,MT
AIFM1C,Q16740,5.75,MT
AIFM1C,Q8IUX1,5.75,MT
AIFM1C,O75380,5.5,MT
AIFM1C,P61088,5.5,MT
AIFM1C,P99999,5.5,MT
AIFM1C,Q8IYU8,5.5,MT
AIFM1C,P08574,5.25,MT
AIFM1C,P31930,5.25,MT
AIFM1C,Q49B96,5.25,MT
AIFM1C,Q96EX1,5.25,MT
AIFM1C,O96000,5,MT
AIFM1C,Q9Y5J9,5,MT
AIFM1C,O94925,4.75,MT
AIFM1C,Q6KCM7,4.5,MT
AIFM1C,Q9BSH4,4.5,MT
AIFM1C,Q04837,4.25,MT
AIFM1C,Q8IXI1,4.25,MT
AIFM1C,Q9P032,4.25,MT
AIFM1C,P36957,4,MT
AIFM1C,P55789,4,MT
AIFM1C,Q96E52,4,MT
AIFM1C,Q9BW72,4,MT
AIFM1C,P18859,3.75,MT
AIFM1C,P30405,3.75,MT
AIFM1C,P49821,3.75,MT
AIFM1C,Q69YU5,3.75,MT
AIFM1C,P07919,3.5,MT
AIFM1C,Q9Y2S7,3.5,MT
AIFM1C,P10606,3.25,MT
AIFM1C,P19367,3.25,MT
AIFM1C,P46199,3.25,MT
AIFM1C,O43819,3,MT
AIFM1C,P00403,3,MT
AIFM1C,O43464,2.75,MT
AIFM1C,P31040,2.75,MT
AIFM1C,O75964,2.5,MT
AIFM1C,P56277,2.5,MT
AIFM1C,P56381,2.5,MT
AIFM1C,Q12849,2.5,MT
AIFM1C,Q7L0Y3,2.5,MT
AIFM1C,Q9NX14,2.5,MT
AIFM1C,O00217,2.25,MT
AIFM1C,P19404,2.25,MT
AIFM1C,Q96EL2,2.25,MT
AIFM1C,Q9Y2Q9,2.25,MT
AIFM1C,P09669,2,MT
AIFM1C,P62072,2,MT
ANK3,Q6ZT60,34,PM
ANK3,P20290,6.5,PM
ANK3,O00192,4,PM
ANK3,Q96II8,4,PM
ANK3,Q5VZE5,3.5,PM
ANK3,O00303,2,PM
ANKFY1,Q96PY6,7.5,END
ANKFY1,P42892,5.5,END
ANKFY1,Q5T1M5,3,END
ANKFY1,Q14185,2.5,END
ANKFY1,A4D1P6,2,END
ANKFY1,O15021,2,END
CALX,O75410,53.5,ER
CALX,Q8TAT6,11.75,ER
CALX,Q9GZT9,8.5,ER
CALX,O95359,6,ER
CALX,Q9NPA0,6,ER
CALX,Q15904,5.75,ER
CALX,P10644,5,ER
CALX,O43402,4.25,ER
CALX,Q5T8D3,4.25,ER
CALX,Q96GF1,4,ER
CALX,Q9NYP9,3.5,ER
CALX,Q9UFG5,3.25,ER
CALX,Q14139,3,ER
CALX,Q92551,3,ER
CALX,Q6PL24,2.5,ER
CALX,P61009,2,ER
CALX,Q00765,2,ER
CALX,Q9BWL3,2,ER
CAMSAP2,Q3KQU3,88,MIC
CAMSAP2,Q96T17,65,MIC
CAMSAP2,Q15555,39.5,MIC
CAMSAP2,Q9ULD2,33.5,MIC
CAMSAP2,Q8IX90,21,MIC
CAMSAP2,Q8NHU6,19,MIC
CAMSAP2,Q9NYZ3,13.5,MIC
CAMSAP2,O75449,9,MIC
CAMSAP2,O94967,8.5,MIC
CAMSAP2,Q8WTS6,8.5,MIC
CAMSAP2,O60308,8,MIC
CAMSAP2,O00139,6,MIC
CAMSAP2,Q5T7B8,6,MIC
CAMSAP2,Q66K74,6,MIC
CAMSAP2,Q9UPP5,5.5,MIC
CAMSAP2,O75330,5,MIC
CAMSAP2,Q8IYA6,4.5,MIC
CAMSAP2,Q14674,2.5,MIC
CAMSAP2,Q86XJ1,2.5,MIC
CAMSAP2,Q9BVA0,2,MIC
CATA,P04040,400.5,PER
CATA,Q9UJ83,85.75,PER
CATA,A3KMH1,52.25,PER
CATA,O75521,46,PER
CATA,Q15067,34.5,PER
CATA,P22307,33.25,PER
CATA,Q08426,33.25,PER
CATA,O14832,28.5,PER
CATA,Q6YN16,27.25,PER
CATA,O00116,25.5,PER
CATA,P09110,25,PER
CATA,P50542,23,PER
CATA,Q709F0,20.25,PER
CATA,O15228,19.5,PER
CATA,Q9BQG2,19.5,PER
CATA,O14734,16.5,PER
CATA,P34913,15.25,PER
CATA,Q86WA8,13.25,PER
CATA,Q9Y2Q3,12.5,PER
CATA,Q2T9J0,11,PER
CATA,Q8N4Q0,10.5,PER
CATA,O15254,10,PER
CATA,Q9NUI1,8.25,PER
CATA,Q9BY49,7.75,PER
CATA,Q9NP80,5.5,PER
CATA,Q96CN7,4,PER
CATA,P11413,3.5,PER
CATA,Q9BTZ2,3.25,PER
CATA,P35914,3,PER
CATA,Q9UKG9,3,PER
CCDC14,Q9NWB6,24,CEN
CCDC14,Q9Y383,13.5,CEN
CCDC14,Q86YT6,11.5,CEN
CCDC14,Q66PJ3,9.5,CEN
CCDC14,Q5VTL8,8.5,CEN
CCDC14,A2RUB6,7,CEN
CCDC14,Q53FN0,5,CEN
CCDC14,Q5BJF6,5,CEN
CCDC14,Q12840,4.5,CEN
CCDC14,P52735,4,CEN
CCDC14,Q13427,4,CEN
CCDC14,Q9NPJ6,4,CEN
CCDC14,Q86T90,3.5,CEN
CCDC14,Q9NP64,3,CEN
CCDC14,Q8N9Q2,2.5,CEN
CCDC14,Q9Y3C8,2,CEN
DCTN2,Q14203,72,CEN
DCTN2,Q16576,20.5,CEN
DCTN2,Q9H3R5,20,CEN
DCTN2,V9HWH2,15.5,CEN
DCTN2,Q86SX3,14,CEN
DCTN2,Q9NSC2,13.5,CEN
DCTN2,O75935,9,CEN
DCTN2,Q9Y496,9,CEN
DCTN2,P30086,7,CEN
DCTN2,O75934,4.5,CEN
DCTN2,Q8IVF4,4.5,CEN
DCTN2,Q9H6X5,4.5,CEN
DCTN2,Q9NX70,2.5,CEN
EEA1,O43314,7.75,END
EEA1,Q8WXA3,6.25,END
EEA1,Q5VYK3,2.75,END
EZR,P26038,101.25,PM
EZR,P46939,89.75,PM
EZR,Q01484,22.25,PM
EZR,Q12955,17,PM
EZR,Q9BY44,16.5,PM
EZR,Q99613,13.5,PM
EZR,O00418,12,PM
EZR,Q9NR46,11.25,PM
EZR,Q99961,11,PM
EZR,Q9UHB9,11,PM
EZR,B2R7D3,10.5,PM
EZR,Q8N6T3,9,PM
EZR,P52306,8.5,PM
EZR,Q6WCQ1,8.5,PM
EZR,Q15750,7.5,PM
EZR,O95163,7.25,PM
EZR,Q16513,7,PM
EZR,Q13884,6.75,PM
EZR,O60502,6.5,PM
EZR,Q9H4G0,6,PM
EZR,Q9NSD9,5.5,PM
EZR,Q32P51,5,PM
EZR,O95425,4.75,PM
EZR,Q9ULH1,4.75,PM
EZR,O43318,4.5,PM
EZR,P10636,4.5,PM
EZR,Q2M2I8,4.5,PM
EZR,Q13480,4,PM
EZR,Q96K76,3.25,PM
EZR,Q9NVM4,3.25,PM
EZR,Q9UG63,3.25,PM
EZR,O15056,3,PM
EZR,P67809,3,PM
EZR,Q13613,3,PM
EZR,Q8WU90,3,PM
EZR,Q9UI30,3,PM
EZR,Q9Y4H2,3,PM
EZR,P29353,2.75,PM
EZR,Q12979,2.75,PM
EZR,Q7Z5L2,2.5,PM
EZR,O15116,2.25,PM
EZR,Q9NQ48,2.25,PM
EZR,B4DIC4,2,PM
EZR,Q9H788,1.75,PM
FBRL,Q9NR30,84.25,NUC
FBRL,Q99873,44,NUC
FBRL,P55209,33,NUC
FBRL,P18621,30.5,NUC
FBRL,Q07020,28.5,NUC
FBRL,Q14978,27.5,NUC
FBRL,P62906,22.25,NUC
FBRL,Q9C0C9,22.25,NUC
FBRL,P61254,21.5,NUC
FBRL,P84098,21.25,NUC
FBRL,Q9UNX3,18,NUC
FBRL,Q99733,17.75,NUC
FBRL,O00425,17.5,NUC
FBRL,P62263,17.5,NUC
FBRL,P62899,15,NUC
FBRL,Q92900,15,NUC
FBRL,P62910,12,NUC
FBRL,Q09161,10.25,NUC
FBRL,Q9H6S0,10,NUC
FBRL,P55769,8,NUC
FBRL,P82930,7.75,NUC
FBRL,Q5T3I0,7.25,NUC
FBRL,Q68CQ4,7.25,NUC
FBRL,Q9Y2P8,5.25,NUC
FBRL,O95602,5,NUC
FBRL,O95373,4.5,NUC
FBRL,Q01804,4.25,NUC
FBRL,O43818,3.75,NUC
FBRL,Q13895,3.75,NUC
FBRL,Q9ULW3,3.75,NUC
FBRL,Q15269,3.5,NUC
FBRL,Q9NY12,3.5,NUC
FBRL,Q9NUD5,3.25,NUC
FBRL,P54725,2.75,NUC
FBRL,Q9H9Y6,2.75,NUC
FBRL,A8MQ14,2.5,NUC
FBRL,O15160,2.5,NUC
FBRL,Q5C9Z4,2.5,NUC
FBRL,Q9H0S4,2.5,NUC
FBRL,Q9UNQ2,2.5,NUC
FBRL,Q9BVI4,2.25,NUC
FBRL,Q9HD33,2.25,NUC
FBRL,Q9BWE0,2,NUC
GOGA2,O75376,26.25,GOL
GOGA2,P19105,13,GOL
GOGA2,Q5VSL9,12.75,GOL
GOGA2,Q9Y3A3,9.25,GOL
GOGA2,O43815,8.25,GOL
GOGA2,Q9Y618,7.25,GOL
GOGA2,O14686,7,GOL
GOGA2,Q9Y2G7,5,GOL
GOGA2,Q04724,3.75,GOL
GOGA2,Q9NP50,3.5,GOL
GOGA2,O15550,3,GOL
GOGA2,Q6ZW49,2.75,GOL
GOGA2,Q6ZU65,2.5,GOL
GOGA2,Q5TYW1,2,GOL
H31,P49321,525,CHR
H31,Q14980,94.5,CHR
H31,Q9H2P0,54.5,CHR
H31,Q12873,41.25,CHR
H31,O95239,33,CHR
H31,Q8N806,25.75,CHR
H31,Q14676,25.25,CHR
H31,P68431,24,CHR
H31,Q7Z5K2,23,CHR
H31,Q96KQ7,23,CHR
H31,Q9UMN6,22.25,CHR
H31,O60306,18.25,CHR
H31,Q9UBW7,18,CHR
H31,P49848,16,CHR
H31,Q86U86,15.75,CHR
H31,P52701,14.75,CHR
H31,Q15542,14.75,CHR
H31,Q9H1A4,14.25,CHR
H31,Q9BTC8,11,CHR
H31,O00268,9.75,CHR
H31,Q13042,9.25,CHR
H31,Q9NPF5,9,CHR
H31,P40938,8.75,CHR
H31,P46100,7.75,CHR
H31,P78346,7,CHR
H31,Q9Y4A5,6.75,CHR
H31,Q8IXM2,6.5,CHR
H31,Q99575,6.5,CHR
H31,Q9UJX4,6.5,CHR
H31,Q9Y294,6.5,CHR
H31,Q15291,6.25,CHR
H31,Q96NB3,6.25,CHR
H31,Q9UGU5,6.25,CHR
H31,Q9NVP2,6,CHR
H31,P35250,5.75,CHR
H31,Q8NEM2,5.75,CHR
H31,Q92830,5.75,CHR
H31,P26583,5.25,CHR
H31,Q6P1X5,4.75,CHR
H31,O00255,4.5,CHR
H31,O15355,4.5,CHR
H31,P82979,4.5,CHR
H31,Q16594,4.5,CHR
H31,P83916,4.25,CHR
H31,Q13112,4.25,CHR
H31,Q9Y6J9,4.25,CHR
H31,O60244,4,CHR
H31,Q5TBB1,4,CHR
H31,Q8NEM7,3.75,CHR
H31,Q9BXS6,3.75,CHR
H31,P49642,3.5,CHR
H31,Q8WX92,3.5,CHR
H31,Q15776,3.25,CHR
H31,Q9BYE7,3,CHR
H31,O75792,2.75,CHR
H31,Q96DE5,2.75,CHR
H31,Q96JM7,2.75,CHR
H31,Q9NPI1,2.75,CHR
H31,O75290,2.5,CHR
H31,P54198,2.5,CHR
H31,Q12996,2.5,CHR
H31,Q96JP5,2.5,CHR
H31,Q9NPG3,2.5,CHR
H31,O00287,2.25,CHR
H31,P20226,2.25,CHR
H31,Q2TAY7,2.25,CHR
H31,Q86TJ2,2.25,CHR
HNRNPA1,P61978,698.5,NUCPL
HNRNPA1,P22626,325.5,NUCPL
HNRNPA1,Q15233,283.5,NUCPL
HNRNPA1,P52597,267.5,NUCPL
HNRNPA1,Q00839,231,NUCPL
HNRNPA1,P52272,229.5,NUCPL
HNRNPA1,Q0VGD6,223,NUCPL
HNRNPA1,Q8NF45,211,NUCPL
HNRNPA1,Q08211,206.5,NUCPL
HNRNPA1,P43243,197,NUCPL
HNRNPA1,Q86VG2,186.5,NUCPL
HNRNPA1,P14866,169,NUCPL
HNRNPA1,Q92945,130,NUCPL
HNRNPA1,Q96KR1,112,NUCPL
HNRNPA1,P51991,107.5,NUCPL
HNRNPA1,Q9C0J8,92,NUCPL
HNRNPA1,Q59GL1,91,NUCPL
HNRNPA1,Q8IX01,90,NUCPL
HNRNPA1,Q8IY67,89,NUCPL
HNRNPA1,Q15637,80.5,NUCPL
HNRNPA1,Q59F66,77,NUCPL
HNRNPA1,Q7Z3D7,75,NUCPL
HNRNPA1,Q15424,74,NUCPL
HNRNPA1,P26599,72.5,NUCPL
HNRNPA1,Q92576,71.5,NUCPL
HNRNPA1,Q14966,65,NUCPL
HNRNPA1,Q9BUJ2,64.5,NUCPL
HNRNPA1,Q8N163,62,NUCPL
HNRNPA1,Q14103,60,NUCPL
HNRNPA1,Q14151,59.5,NUCPL
HNRNPA1,Q5VT52,56,NUCPL
HNRNPA1,Q96AE4,52.5,NUCPL
HNRNPA1,P38159,49,NUCPL
HNRNPA1,Q16630,47.5,NUCPL
HNRNPA1,Q15366,47,NUCPL
HNRNPA1,Q9UK61,45,NUCPL
HNRNPA1,Q07666,42,NUCPL
HNRNPA1,P31943,41.5,NUCPL
HNRNPA1,Q8WXF1,40.5,NUCPL
HNRNPA1,O14979,36.5,NUCPL
HNRNPA1,Q92804,35,NUCPL
HNRNPA1,Q96EV2,35,NUCPL
HNRNPA1,Q13151,34.5,NUCPL
HNRNPA1,Q99729,34,NUCPL
HNRNPA1,Q9H256,32,NUCPL
HNRNPA1,P35637,31.5,NUCPL
HNRNPA1,O95104,29.5,NUCPL
HNRNPA1,Q53F48,27.5,NUCPL
HNRNPA1,Q6UN15,26.5,NUCPL
HNRNPA1,Q8IWX8,26.5,NUCPL
HNRNPA1,Q5BKZ1,26,NUCPL
HNRNPA1,Q15717,23.5,NUCPL
HNRNPA1,Q9NZI8,23,NUCPL
HNRNPA1,Q99590,22.5,NUCPL
HNRNPA1,Q13838,22,NUCPL
HNRNPA1,Q9NTZ6,19,NUCPL
HNRNPA1,Q5T481,18.5,NUCPL
HNRNPA1,O75400,17.5,NUCPL
HNRNPA1,P55795,17.5,NUCPL
HNRNPA1,Q9UKA9,17.5,NUCPL
HNRNPA1,O75909,16,NUCPL
HNRNPA1,O94913,16,NUCPL
HNRNPA1,Q96PU8,16,NUCPL
HNRNPA1,O43809,15.5,NUCPL
HNRNPA1,O95319,14.5,NUCPL
HNRNPA1,P49756,14.5,NUCPL
HNRNPA1,Q9NXV6,11,NUCPL
HNRNPA1,Q8N684,10.5,NUCPL
HNRNPA1,Q9HCD5,10.5,NUCPL
HNRNPA1,Q9P2K5,10.5,NUCPL
HNRNPA1,Q9UPN6,10.5,NUCPL
HNRNPA1,Q8NEY8,10,NUCPL
HNRNPA1,Q01844,9.5,NUCPL
HNRNPA1,Q8IX12,9.5,NUCPL
HNRNPA1,P84103,9,NUCPL
HNRNPA1,Q8WYQ5,9,NUCPL
HNRNPA1,O43251,8,NUCPL
HNRNPA1,Q96EP5,8,NUCPL
HNRNPA1,Q92879,7.5,NUCPL
HNRNPA1,Q9NR56,7.5,NUCPL
HNRNPA1,Q13242,5.5,NUCPL
HNRNPA1,Q9NRR4,5.5,NUCPL
HNRNPA1,P62318,5,NUCPL
HNRNPA1,Q08170,5,NUCPL
HNRNPA1,Q9NWH9,5,NUCPL
HNRNPA1,Q9Y580,5,NUCPL
HNRNPA1,P52756,4.5,NUCPL
HNRNPA1,Q4LE60,3.5,NUCPL
HNRNPA1,Q9HCJ3,3.5,NUCPL
HNRNPA1,O75494,3,NUCPL
HNRNPA1,Q5T200,3,NUCPL
HNRNPA1,P26368,2.5,NUCPL
HNRNPA1,Q5TAL4,2,NUCPL
HNRNPA1,Q8NDT2,2,NUCPL
HSP7C,P11142,555.75,EXO
HSP7C,P34931,125.5,EXO
HSP7C,Q92598,85.75,EXO
HSP7C,O95757,50,EXO
HSP7C,Q9NZL4,17,EXO
HSP7C,Q9UL15,13.5,EXO
HSP7C,Q5H9R7,12.25,EXO
HSP7C,P08243,9,EXO
HSP7C,Q9UBB4,7.25,EXO
HSP7C,P54619,5,EXO
HSP7C,P09496,4.5,EXO
HSP7C,Q9BWH6,4,EXO
HSP7C,Q9BQC3,3.75,EXO
HSP7C,Q13557,3.5,EXO
HSP7C,Q9BZG8,2.5,EXO
KRT18,V9HWE1,660.5,INTF
KRT18,P15924,280,INTF
KRT18,P08727,86,INTF
KRT18,Q15149,47.5,INTF
KRT18,Q71RB4,28.5,INTF
KRT18,P27708,25,INTF
KRT18,Q9H6U9,19.5,INTF
KRT18,Q9Y4K1,18.5,INTF
KRT18,A5YKK6,17,INTF
KRT18,Q49A88,8,INTF
KRT18,Q6IPS5,6.5,INTF
KRT18,Q8N4C6,6.5,INTF
KRT18,Q68CZ6,6,INTF
KRT18,Q9UHI6,6,INTF
KRT18,O75688,4,INTF
KRT18,Q96HS1,4,INTF
KRT18,Q99871,4,INTF
KRT18,Q8N1I0,3.5,INTF
KRT18,Q9NVX0,3.5,INTF
KRT18,Q6ZWJ1,3,INTF
KRT18,Q9H6D7,3,INTF
KRT18,Q68CZ1,2.5,INTF
KRT18,Q86TS1,2.5,INTF
KRT18,P23508,2,INTF
KRT18,Q14671,2,INTF
KRT18,Q8WUM5,2,INTF
KRT18,Q9NYJ8,2,INTF
KRT18,Q9UPQ7,2,INTF
KRT19,V9HWE1,359.5,INTF
KRT19,P15924,177.5,INTF
KRT19,P05783,169,INTF
KRT19,Q8IWZ3,38.5,INTF
KRT19,Q9UPQ9,33,INTF
KRT19,Q6P2H3,25.5,INTF
KRT19,Q8IY63,17.5,INTF
KRT19,Q49A88,15,INTF
KRT19,Q9NVX0,14,INTF
KRT19,Q15149,10.5,INTF
KRT19,Q8N4C6,7.5,INTF
KRT19,Q9UPV0,7.5,INTF
KRT19,O15061,6.5,INTF
KRT19,O95995,5,INTF
KRT19,Q12934,5,INTF
KRT19,Q71RB4,4.5,INTF
KRT19,O15085,2.5,INTF
KRT19,Q8NFZ5,2.5,INTF
KRT19,Q9H6D7,2.5,INTF
KRT19,Q9P1Z2,2.5,INTF
KRT19,Q9ULL1,2.5,INTF
KRT19,Q86TB9,2,INTF
KRT19,Q8TD31,2,INTF
KRT19,Q9NYJ8,2,INTF
KRT8,V9HWE1,500,INTF
KRT8,P05783,422,INTF
KRT8,P15924,231.5,INTF
KRT8,P04264,189,INTF
KRT8,P08727,188,INTF
KRT8,Q9UPQ9,29.5,INTF
KRT8,P27708,29,INTF
KRT8,Q71RB4,24,INTF
KRT8,Q15149,21.5,INTF
KRT8,A5YKK6,17.5,INTF
KRT8,Q13501,16,INTF
KRT8,Q9NRA8,15.5,INTF
KRT8,Q9Y3F4,14,INTF
KRT8,Q9UKA4,12.5,INTF
KRT8,Q9P2D0,11.5,INTF
KRT8,Q49A88,9,INTF
KRT8,Q86X02,8.5,INTF
KRT8,V9HW98,8.5,INTF
KRT8,Q15025,8,INTF
KRT8,Q9NPI6,8,INTF
KRT8,Q9Y4K1,8,INTF
KRT8,Q68CZ1,7.5,INTF
KRT8,Q8N4C6,7.5,INTF
KRT8,Q7Z739,7,INTF
KRT8,Q6P2H3,6.5,INTF
KRT8,Q68CZ6,6,INTF
KRT8,Q8N1I0,6,INTF
KRT8,Q96P70,6,INTF
KRT8,Q6ZWJ1,5.5,INTF
KRT8,Q8IZD4,5.5,INTF
KRT8,Q8N516,5.5,INTF
KRT8,Q9H6U9,5.5,INTF
KRT8,Q8NB46,5,INTF
KRT8,Q9C0B0,5,INTF
KRT8,Q6YHU6,4.5,INTF
KRT8,Q8ND24,4.5,INTF
KRT8,Q9H6D7,4.5,INTF
KRT8,Q9HBD1,4.5,INTF
KRT8,Q9UHI6,4.5,INTF
KRT8,O75153,4,INTF
KRT8,Q14161,4,INTF
KRT8,Q15393,4,INTF
KRT8,Q9NUQ3,4,INTF
KRT8,Q9UPQ7,4,INTF
KRT8,O75122,3.5,INTF
KRT8,P17980,3.5,INTF
KRT8,P42694,3.5,INTF
KRT8,Q01850,3.5,INTF
KRT8,Q96F24,3.5,INTF
KRT8,Q96Q15,3.5,INTF
KRT8,P61962,3,INTF
KRT8,Q53GA5,3,INTF
KRT8,Q99871,3,INTF
KRT8,Q9H0W8,3,INTF
KRT8,Q9HCJ0,3,INTF
KRT8,Q9Y4B5,3,INTF
KRT8,O75170,2.5,INTF
KRT8,Q14671,2.5,INTF
KRT8,O15061,2,INTF
KRT8,O60343,2,INTF
KRT8,P47755,2,INTF
KRT8,P53804,2,INTF
KRT8,Q86TB9,2,INTF
KRT8,Q96CJ7,2,INTF
KRT8,Q9ULL1,2,INTF
KRT8,Q9Y285,2,INTF
LAMP1,Q59F12,84.5,LYS
LAMP1,Q6NVI1,69.5,LYS
LAMP1,Q59ES3,62.5,LYS
LAMP1,P11279,40.5,LYS
LAMP1,Q96EL6,21,LYS
LAMP1,A0A024RBC7,18.5,LYS
LAMP1,P07948,18.5,LYS
LAMP1,Q96A65,13,LYS
LAMP1,A0A087WYR3,12.5,LYS
LAMP1,Q13464,12.5,LYS
LAMP1,O75147,12,LYS
LAMP1,Q92569,12,LYS
LAMP1,O95248,11.5,LYS
LAMP1,Q53GQ0,10,LYS
LAMP1,O14495,8.5,LYS
LAMP1,Q6PJ06,8.5,LYS
LAMP1,Q9UJF2,8.5,LYS
LAMP1,Q9NQ66,8,LYS
LAMP1,Q92614,7.5,LYS
LAMP1,Q59GX2,7,LYS
LAMP1,P24941,6.5,LYS
LAMP1,Q99755,6.5,LYS
LAMP1,P23229,6,LYS
LAMP1,Q15375,6,LYS
LAMP1,O15440,5,LYS
LAMP1,P35612,5,LYS
LAMP1,O43301,4.5,LYS
LAMP1,O75116,4.5,LYS
LAMP1,P41743,4.5,LYS
LAMP1,P53794,4.5,LYS
LAMP1,P62330,4.5,LYS
LAMP1,Q9UET6,4.5,LYS
LAMP1,P07498,4,LYS
LAMP1,P20337,4,LYS
LAMP1,P54105,4,LYS
LAMP1,Q9BSQ5,4,LYS
LAMP1,Q9BYG5,4,LYS
LAMP1,Q9UPY5,4,LYS
LAMP1,P19022,3.5,LYS
LAMP1,P42338,3.5,LYS
LAMP1,P48426,3.5,LYS
LAMP1,Q13308,3.5,LYS
LAMP1,Q49A02,3.5,LYS
LAMP1,Q8IWT6,3.5,LYS
LAMP1,Q96T76,3.5,LYS
LAMP1,Q9H223,3.5,LYS
LAMP1,B4DG79,3,LYS
LAMP1,P08648,3,LYS
LAMP1,Q14118,3,LYS
LAMP1,Q4LE51,3,LYS
LAMP1,Q8TF44,3,LYS
LAMP1,Q8TF71,3,LYS
LAMP1,Q8WTV0,3,LYS
LAMP1,Q8WVQ1,3,LYS
LAMP1,Q9UDR5,3,LYS
LAMP1,Q9Y6B6,3,LYS
LAMP1,P60953,2.75,LYS
LAMP1,Q68D85,2.75,LYS
LAMP1,B4DU42,2.5,LYS
LAMP1,O76082,2.5,LYS
LAMP1,P10321,2.5,LYS
LAMP1,P31323,2.5,LYS
LAMP1,P50443,2.5,LYS
LAMP1,P61160,2.5,LYS
LAMP1,P78356,2.5,LYS
LAMP1,Q05655,2.5,LYS
LAMP1,Q6DKI1,2.5,LYS
LAMP1,Q7Z2I8,2.5,LYS
LAMP1,Q96BD0,2.5,LYS
LAMP1,Q96P47,2.5,LYS
LAMP1,Q9H4N8,2.5,LYS
LAMP1,Q9Y673,2.5,LYS
LAMP1,O76039,2,LYS
LAMP1,P62834,2,LYS
LAMP1,P62891,2,LYS
LAMP1,Q14699,2,LYS
LAMP1,Q5T094,2,LYS
LAMP1,Q96Q45,2,LYS
LAMP1,Q9NX20,2,LYS
LAMP2,Q6NVI1,28.5,LYS
LAMP2,Q86WA9,25.5,LYS
LAMP2,Q13464,12.5,LYS
LAMP2,Q96EL6,10.5,LYS
LAMP2,Q9H2V7,10.5,LYS
LAMP2,P53794,8,LYS
LAMP2,Q7Z3F1,7.5,LYS
LAMP2,Q504R6,6.5,LYS
LAMP2,Q8WVQ1,6.5,LYS
LAMP2,Q96DT6,6.5,LYS
LAMP2,A8K379,6,LYS
LAMP2,P36405,6,LYS
LAMP2,O75390,5.5,LYS
LAMP2,P20337,5.5,LYS
LAMP2,Q3SYF1,5,LYS
LAMP2,Q8NB49,5,LYS
LAMP2,Q9NQ66,5,LYS
LAMP2,Q9UIJ5,5,LYS
LAMP2,Q6NUT3,4,LYS
LAMP2,O95714,3.5,LYS
LAMP2,Q00013,3.5,LYS
LAMP2,O95562,3,LYS
LAMP2,P62834,3,LYS
LAMP2,Q05655,3,LYS
LAMP2,Q53GQ0,3,LYS
LAMP2,Q6PML9,3,LYS
LAMP2,Q86WC4,3,LYS
LAMP2,Q9GZU7,3,LYS
LAMP2,Q9H1Z9,3,LYS
LAMP2,Q9Y2Q0,3,LYS
LAMP2,O14495,2.5,LYS
LAMP2,P11233,2.5,LYS
LAMP2,Q04759,2.5,LYS
LAMP2,Q49A02,2.5,LYS
LAMP2,Q59GX2,2.5,LYS
LAMP2,Q99755,2.5,LYS
LAMP2,Q9NQ11,2.5,LYS
LAMP2,Q9NVA4,2.5,LYS
LAMP2,P10114,2,LYS
LAMP2,P62330,2,LYS
LAMP2,Q562E7,2,LYS
LAMP2,Q8N183,2,LYS
LAMP2,Q8NEW0,2,LYS
LAMP2,Q8TF44,2,LYS
LAMP2,Q969E2,2,LYS
LAMP2,Q9NS93,2,LYS
LAMP2,Q9Y4G2,2,LYS
LCK,P08238,128,PM
LCK,B3KTT5,94,PM
LCK,Q13523,17.5,PM
LCK,Q5JR94,10.5,PM
LCK,Q9NWT8,8,PM
LCK,Q00526,7,PM
LCK,Q02543,6,PM
LCK,P54577,5.5,PM
LCK,P21359,5,PM
LCK,P98174,5,PM
LCK,Q08752,5,PM
LCK,Q9Y5S2,5,PM
LCK,Q0IJ56,4,PM
LCK,Q9Y2H5,4,PM
LCK,U3KQG0,4,PM
LCK,Q8WZ64,3.5,PM
LCK,P50570,3,PM
LCK,Q6P5Z2,3,PM
LCK,Q8TDN4,3,PM
LCK,Q9UI95,3,PM
LCK,P50226,2.5,PM
LCK,Q15785,2.5,PM
LCK,Q8N5M4,2.5,PM
LCK,Q96HZ0,2.5,PM
LCK,O60229,2,PM
LCK,Q13425,2,PM
LCK,Q5ST80,2,PM
LMNA,Q8WYP5,178.5,NE
LMNA,P49790,167,NE
LMNA,Q9UKX7,82.5,NE
LMNA,Q14974,73.75,NE
LMNA,Q9ULW0,55.5,NE
LMNA,P52292,44.5,NE
LMNA,Q07021,39.25,NE
LMNA,Q9UIF9,29.5,NE
LMNA,Q9P0U3,27.5,NE
LMNA,Q86XP3,26.5,NE
LMNA,Q96HA1,26.5,NE
LMNA,O60684,21,NE
LMNA,O00629,20,NE
LMNA,Q9BX63,20,NE
LMNA,Q8IWZ8,19,NE
LMNA,Q13416,17.5,NE
LMNA,Q9BQ61,14,NE
LMNA,Q93009,13.75,NE
LMNA,P49585,12.5,NE
LMNA,Q96EE3,12,NE
LMNA,Q96DF8,10.5,NE
LMNA,Q6W2J9,10,NE
LMNA,Q59FJ6,9.5,NE
LMNA,O60318,9,NE
LMNA,Q9BWN1,8.5,NE
LMNA,Q13573,7.5,NE
LMNA,Q8NFH3,7.25,NE
LMNA,Q86V97,7,NE
LMNA,Q96GX5,7,NE
LMNA,Q9BUI4,6.5,NE
LMNA,Q9UEE9,6.5,NE
LMNA,O95551,6.25,NE
LMNA,Q86YB2,6,NE
LMNA,W5ZR30,6,NE
LMNA,P78406,5.5,NE
LMNA,Q9BRR0,5.25,NE
LMNA,Q6P6C2,5,NE
LMNA,Q9Y314,4.5,NE
LMNA,O95400,3.5,NE
LMNA,Q8N2W9,3.5,NE
LMNA,Q9H0G5,3.5,NE
LMNA,Q59F91,2.5,NE
LMNA,Q8NFH5,2.5,NE
LMNA,I3VM53,2,NE
LMNA,P52655,2,NE
LMNA,Q8N954,2,NE
LMNA,Q9NTK5,2,NE
LMNA,Q9Y253,2,NE
LMNB1,Q8WYP5,256,NE
LMNB1,P49790,142,NE
LMNB1,Q9UKX7,60,NE
LMNB1,Q93009,40,NE
LMNB1,Q9P0U3,25.5,NE
LMNB1,P29590,16.5,NE
LMNB1,Q96HA1,14,NE
LMNB1,Q6FHX6,13.5,NE
LMNB1,O60318,11,NE
LMNB1,P49585,9.5,NE
LMNB1,Q86V97,7.5,NE
LMNB1,P17096,4.5,NE
LMNB1,Q7Z780,4,NE
LMNB1,O75391,3.5,NE
LMNB1,Q07021,3,NE
LMNB1,Q9Y4B4,3,NE
LMNB1,Q6DI00,2.5,NE
LMNB1,Q6P158,2.5,NE
LMNB1,Q8N302,2.5,NE
LMNB1,P52926,2,NE
LMNB1,Q15345,2,NE
NIFK,Q13428,247.5,NUC
NIFK,Q9NR30,120.5,NUC
NIFK,O76021,81.5,NUC
NIFK,Q01780,65,NUC
NIFK,P16403,42.5,NUC
NIFK,Q86VP6,37,NUC
NIFK,Q9UK43,28.5,NUC
NIFK,Q5VXV3,15,NUC
NIFK,Q9BU76,11,NUC
NIFK,Q15397,9,NUC
NIFK,P05204,7,NUC
NIFK,Q5C9Z4,6.5,NUC
NIFK,Q14593,5.5,NUC
NIFK,Q9NVN8,5,NUC
NIFK,P36873,4.5,NUC
NIFK,Q53F19,4.5,NUC
NIFK,Q68D10,4,NUC
NIFK,Q9P031,4,NUC
NIFK,Q9Y421,4,NUC
NIFK,Q06265,3.5,NUC
NIFK,Q14191,3.5,NUC
NIFK,A0A087X0E7,3,NUC
NIFK,Q7L590,2.5,NUC
NIFK,Q9Y388,2.5,NUC
NIFK,Q9BRD0,2,NUC
NOP56,Q13428,295.5,NUC
NOP56,Q9NR30,156.5,NUC
NOP56,O76021,50.5,NUC
NOP56,O43395,34,NUC
NOP56,P21127,14,NUC
NOP56,Q15397,12,NUC
NOP56,A0A024R755,11.5,NUC
NOP56,Q5C9Z4,9,NUC
NOP56,Q5VXV3,8.5,NUC
NOP56,Q9BU76,8,NUC
NOP56,Q9NVN8,6,NUC
NOP56,Q9Y388,5.5,NUC
NOP56,Q68D10,5,NUC
NOP56,Q15361,4.5,NUC
NOP56,Q8N5F7,4.5,NUC
NOP56,Q96BT3,4.5,NUC
NOP56,Q7L590,4,NUC
NOP56,Q9NXE8,4,NUC
NOP56,Q8NDF8,3.5,NUC
NOP56,Q9BRD0,3,NUC
NOP56,Q96C57,2.5,NUC
NOP56,Q9BW71,2.5,NUC
NOP56,O60293,2,NUC
NOP56,Q06265,2,NUC
NOP56,Q14137,2,NUC
PAFAH1B1,Q9UKF6,48,CEN
PAFAH1B1,Q02224,6,CEN
PAFAH1B1,Q9NQ92,3,CEN
PAFAH1B1,P30622,2.5,CEN
PARP1,O60264,127,NUCPL
PARP1,O15042,100,NUCPL
PARP1,Q9NRL2,78,NUCPL
PARP1,Q2TAZ1,67.5,NUCPL
PARP1,P28370,53.5,NUCPL
PARP1,Q9P2D1,52.5,NUCPL
PARP1,Q59HG1,49,NUCPL
PARP1,Q92576,48.5,NUCPL
PARP1,Q499G6,43,NUCPL
PARP1,Q6KC79,40.5,NUCPL
PARP1,Q9ULV3,36.5,NUCPL
PARP1,Q8IWX8,24.5,NUCPL
PARP1,P33991,23.5,NUCPL
PARP1,Q13185,23.5,NUCPL
PARP1,P23527,22.5,NUCPL
PARP1,Q3SWU9,22.5,NUCPL
PARP1,Q53FS6,22,NUCPL
PARP1,B3KNW7,19,NUCPL
PARP1,Q6FI13,16.5,NUCPL
PARP1,Q8IUE6,16,NUCPL
PARP1,Q99590,16,NUCPL
PARP1,Q9H4I2,16,NUCPL
PARP1,P33993,15.5,NUCPL
PARP1,Q8WWQ0,15,NUCPL
PARP1,O75717,14.5,NUCPL
PARP1,Q9BVS9,14.5,NUCPL
PARP1,Q6PD62,14,NUCPL
PARP1,Q9H7N4,12.5,NUCPL
PARP1,Q92766,12,NUCPL
PARP1,Q9UQ35,12,NUCPL
PARP1,Q9UQ88,12,NUCPL
PARP1,Q8TD26,11.5,NUCPL
PARP1,P37275,11,NUCPL
PARP1,Q96RE7,11,NUCPL
PARP1,Q8WYQ5,10.5,NUCPL
PARP1,O43719,10,NUCPL
PARP1,O60281,10,NUCPL
PARP1,Q8N9Q1,10,NUCPL
PARP1,Q92769,9,NUCPL
PARP1,Q96C00,9,NUCPL
PARP1,Q96Q89,9,NUCPL
PARP1,Q9UBD5,9,NUCPL
PARP1,O94776,8.5,NUCPL
PARP1,Q01831,8.5,NUCPL
PARP1,Q9Y4E5,8.5,NUCPL
PARP1,Q13129,8,NUCPL
PARP1,Q6ZRS2,8,NUCPL
PARP1,Q75MT5,8,NUCPL
PARP1,Q9ULJ3,8,NUCPL
PARP1,Q9Y4C1,8,NUCPL
PARP1,V9HWG0,8,NUCPL
PARP1,P06400,7.5,NUCPL
PARP1,Q7KZ85,6.5,NUCPL
PARP1,Q9UJV9,6.5,NUCPL
PARP1,Q8N6J1,6,NUCPL
PARP1,Q96JN0,6,NUCPL
PARP1,Q9Y462,6,NUCPL
PARP1,Q14202,5.5,NUCPL
PARP1,Q6PL18,5.5,NUCPL
PARP1,Q86WJ1,5.5,NUCPL
PARP1,A0A024R784,5,NUCPL
PARP1,H9NIM2,5,NUCPL
PARP1,O00154,5,NUCPL
PARP1,Q14781,5,NUCPL
PARP1,Q53HL2,5,NUCPL
PARP1,Q9HC52,5,NUCPL
PARP1,Q9Y2K7,5,NUCPL
PARP1,Q9Y483,5,NUCPL
PARP1,V9HW04,5,NUCPL
PARP1,B7Z7S9,4.5,NUCPL
PARP1,O15014,4.5,NUCPL
PARP1,P22670,4.5,NUCPL
PARP1,Q13029,4.5,NUCPL
PARP1,Q5T5X7,4.5,NUCPL
PARP1,Q8WVM7,4.5,NUCPL
PARP1,Q92922,4.5,NUCPL
PARP1,Q9HAW4,4.5,NUCPL
PARP1,Q9UI36,4.5,NUCPL
PARP1,P52737,4,NUCPL
PARP1,Q13017,4,NUCPL
PARP1,Q15022,4,NUCPL
PARP1,Q15054,4,NUCPL
PARP1,Q15072,4,NUCPL
PARP1,Q5H9F3,4,NUCPL
PARP1,Q69YN4,4,NUCPL
PARP1,Q6IQ49,4,NUCPL
PARP1,Q7Z333,4,NUCPL
PARP1,Q8TAQ2,4,NUCPL
PARP1,Q96CB8,4,NUCPL
PARP1,Q99496,4,NUCPL
PARP1,O95251,3.5,NUCPL
PARP1,P17028,3.5,NUCPL
PARP1,Q06546,3.5,NUCPL
PARP1,Q4VC44,3.5,NUCPL
PARP1,Q6N083,3.5,NUCPL
PARP1,Q92547,3.5,NUCPL
PARP1,W6CJ52,3.5,NUCPL
PARP1,A0A024RAL0,3,NUCPL
PARP1,Q5T3J3,3,NUCPL
PARP1,Q63HK5,3,NUCPL
PARP1,Q6P1R3,3,NUCPL
PARP1,Q86V15,3,NUCPL
PARP1,Q96B01,3,NUCPL
PARP1,Q9H0C8,3,NUCPL
PARP1,Q9NRR4,3,NUCPL
PARP1,Q9UNS1,3,NUCPL
PARP1,Q9Y6K1,3,NUCPL
PARP1,O00716,2.5,NUCPL
PARP1,O15090,2.5,NUCPL
PARP1,P05549,2.5,NUCPL
PARP1,P17482,2.5,NUCPL
PARP1,Q6P4R8,2.5,NUCPL
PARP1,Q8N8A6,2.5,NUCPL
PARP1,Q8NDX5,2.5,NUCPL
PARP1,Q8WVZ9,2.5,NUCPL
PARP1,Q99661,2.5,NUCPL
PARP1,Q9BZJ0,2.5,NUCPL
PARP1,Q9H165,2.5,NUCPL
PARP1,Q9NZM4,2.5,NUCPL
PARP1,Q9UPW6,2.5,NUCPL
PARP1,Q9Y232,2.5,NUCPL
PARP1,O00712,2,NUCPL
PARP1,Q4VBZ9,2,NUCPL
PARP1,Q5JVF3,2,NUCPL
PARP1,Q8N594,2,NUCPL
PARP1,Q8WXX5,2,NUCPL
PARP1,Q92889,2,NUCPL
PARP1,Q96HW7,2,NUCPL
PDIA4,Q5JPE7,38.5,ER
PDIA4,Q15084,33,ER
PDIA4,Q9NYU1,32.5,ER
PDIA4,V9HW95,32,ER
PDIA4,Q70UQ0,27.5,ER
PDIA4,Q8NBS9,24,ER
PDIA4,A0A384ME54,20,ER
PDIA4,Q13217,19.5,ER
PDIA4,Q5VSQ6,19,ER
PDIA4,Q8TAS6,18.5,ER
PDIA4,Q8NBJ5,17,ER
PDIA4,Q8IXB1,15,ER
PDIA4,Q96PC5,15,ER
PDIA4,Q9UG85,15,ER
PDIA4,Q9HCN8,14,ER
PDIA4,Q6NZY4,13.5,ER
PDIA4,Q7Z4H8,13.5,ER
PDIA4,Q6UW63,12.5,ER
PDIA4,Q12797,12,ER
PDIA4,Q96HE7,12,ER
PDIA4,Q9BWS9,11.5,ER
PDIA4,Q14696,11,ER
PDIA4,Q58F09,11,ER
PDIA4,Q96AY3,10.5,ER
PDIA4,Q32P28,10,ER
PDIA4,Q9UBV2,10,ER
PDIA4,O75477,9,ER
PDIA4,Q02818,9,ER
PDIA4,A0A384NPL4,8.5,ER
PDIA4,Q6P179,8.5,ER
PDIA4,Q9HDC9,8.5,ER
PDIA4,Q14554,8,ER
PDIA4,O00469,7.5,ER
PDIA4,P49755,7.5,ER
PDIA4,Q14165,7.5,ER
PDIA4,Q6NVY8,7.5,ER
PDIA4,Q9BRK5,7.5,ER
PDIA4,Q9Y2B0,7,ER
PDIA4,V9HW63,7,ER
PDIA4,Q05707,6.5,ER
PDIA4,Q9BT09,6.5,ER
PDIA4,O60613,6,ER
PDIA4,Q4G148,6,ER
PDIA4,Q5VVF5,6,ER
PDIA4,Q96AE7,6,ER
PDIA4,Q96S52,6,ER
PDIA4,Q9UMX5,6,ER
PDIA4,O96005,5.5,ER
PDIA4,P55145,5.5,ER
PDIA4,Q16880,5.5,ER
PDIA4,Q969N2,5.5,ER
PDIA4,Q9P2K2,5.5,ER
PDIA4,Q9UNW1,5.5,ER
PDIA4,Q9H173,5,ER
PDIA4,Q9UHG3,5,ER
PDIA4,Q86YB8,4.5,ER
PDIA4,Q8WY22,4.5,ER
PDIA4,Q9BTV4,4.5,ER
PDIA4,Q6FHT8,4,ER
PDIA4,Q6N084,4,ER
PDIA4,Q6Y288,4,ER
PDIA4,Q8NBJ7,4,ER
PDIA4,Q92643,4,ER
PDIA4,Q9H6E4,4,ER
PDIA4,Q9Y2D2,4,ER
PDIA4,Q08380,3.5,ER
PDIA4,Q12907,3.5,ER
PDIA4,Q53XJ5,3.5,ER
PDIA4,Q8NBM8,3.5,ER
PDIA4,O15460,3,ER
PDIA4,O60512,3,ER
PDIA4,P61009,3,ER
PDIA4,Q13438,3,ER
PDIA4,Q8IWF2,3,ER
PDIA4,P08236,2.5,ER
PDIA4,P12109,2.5,ER
PDIA4,P67812,2.5,ER
PDIA4,Q8IVL6,2.5,ER
PDIA4,Q969S0,2.5,ER
PDIA4,Q9BS26,2.5,ER
PDIA4,Q9H488,2.5,ER
PDIA4,Q9NZ08,2.5,ER
PDIA4,V9HW41,2.5,ER
PDIA4,O75844,2,ER
PDIA4,P35556,2,ER
PDIA4,Q6ZPD9,2,ER
PDIA4,Q9NRK6,2,ER
PEX3,O43933,30.5,PER
PEX3,O96011,22.5,PER
PEX3,Q86UB9,18.5,PER
PEX3,Q92968,16.5,PER
PEX3,Q13608,14,PER
PEX3,Q9Y5Y5,12.5,PER
PEX3,Q969Z3,8,PER
PEX3,P63092,7.5,PER
PEX3,Q8WVX9,6.5,PER
PEX3,Q9GZY8,6.5,PER
PEX3,P33897,5.5,PER
PEX3,Q8NC06,5,PER
PEX3,P42677,4.5,PER
PEX3,Q7L4K8,4.5,PER
PEX3,Q9NUX8,4.5,PER
PEX3,Q9UIA9,4.5,PER
PEX3,P15880,4,PER
PEX3,Q8N6S4,4,PER
PEX3,Q9H7E9,4,PER
PEX3,O00623,3.5,PER
PEX3,P56545,3.5,PER
PEX3,Q15386,3.5,PER
PEX3,Q9Y4R8,3.5,PER
PEX3,Q13155,3,PER
PEX3,Q9NX47,3,PER
PEX3,Q9UBU9,3,PER
PEX3,P36776,2.5,PER
PEX3,Q8N2A8,2,PER
PEX3,Q9BUN8,2,PER
PSA1,P25786,74.5,PRO
PSA1,O14818,29.5,PRO
PSA1,O95456,26.25,PRO
PSA1,P28066,18.25,PRO
PSA1,P25788,16.75,PRO
PSA1,Q969U7,16.5,PRO
PSA1,Q06323,15.25,PRO
PSA1,Q5JS54,14,PRO
PSA1,Q9UL46,13,PRO
PSA1,Q9BT73,11.25,PRO
PSA1,P25789,10,PRO
PSA1,P20618,7.25,PRO
PSA1,Q99436,7,PRO
PSA1,Q9Y244,6.5,PRO
PSA1,P49721,5.5,PRO
PSA1,P28072,3.25,PRO
PSA1,P28070,3,PRO
PSA1,P08754,2,PRO
RAB11A,Q5R372,44.5,END
RAB11A,Q9BVA1,44,END
RAB11A,Q6ZUT9,41.5,END
RAB11A,Q9ULV0,32,END
RAB11A,Q6ULP2,28,END
RAB11A,Q8TAG9,25.5,END
RAB11A,P51784,23.5,END
RAB11A,Q96KP1,21.5,END
RAB11A,Q9NPR5,21.5,END
RAB11A,P42892,21,END
RAB11A,Q9UPT5,17.5,END
RAB11A,Q2NLD0,16.5,END
RAB11A,Q9H0B6,16,END
RAB11A,Q59FE7,15.5,END
RAB11A,O60879,13,END
RAB11A,Q96QF0,12.5,END
RAB11A,Q9NV70,12.5,END
RAB11A,Q9BXF6,11.25,END
RAB11A,P05198,10,END
RAB11A,P0DPB3,10,END
RAB11A,Q9P2D3,9.5,END
RAB11A,Q6ZNJ1,9,END
RAB11A,P18084,8,END
RAB11A,Q12982,8,END
RAB11A,O75096,7,END
RAB11A,Q8IYU2,7,END
RAB11A,Q99835,7,END
RAB11A,Q9BSW2,7,END
RAB11A,Q58EX2,6.5,END
RAB11A,Q8N573,6.5,END
RAB11A,O60239,6,END
RAB11A,Q8TBN0,6,END
RAB11A,Q8TDW5,6,END
RAB11A,Q9UBG0,6,END
RAB11A,Q9UKD2,6,END
RAB11A,P42025,5.75,END
RAB11A,Q53YE2,5.5,END
RAB11A,Q8TDJ6,5.5,END
RAB11A,Q9H1H9,5.5,END
RAB11A,Q9BRJ6,5.25,END
RAB11A,P43005,5,END
RAB11A,Q8WWL2,5,END
RAB11A,Q9NQT8,5,END
RAB11A,P15927,4.75,END
RAB11A,P20042,4.5,END
RAB11A,A0A024RBS4,4,END
RAB11A,O00522,4,END
RAB11A,P08183,4,END
RAB11A,Q96C24,4,END
RAB11A,P62633,3.75,END
RAB11A,Q13635,3.5,END
RAB11A,Q5EBL4,3.5,END
RAB11A,Q5TA12,3.5,END
RAB11A,Q6P499,3.5,END
RAB11A,Q6ZQN7,3.5,END
RAB11A,Q8IZ41,3.5,END
RAB11A,Q8N9U0,3.5,END
RAB11A,Q96CN4,3.5,END
RAB11A,Q9NS62,3.5,END
RAB11A,Q9ULI3,3.5,END
RAB11A,Q00577,3,END
RAB11A,Q2KHT3,3,END
RAB11A,Q8N9M5,3,END
RAB11A,Q8NC59,3,END
RAB11A,Q96N83,3,END
RAB11A,Q9NUU7,2.75,END
RAB11A,O75154,2.5,END
RAB11A,O95185,2.5,END
RAB11A,Q00059,2.5,END
RAB11A,Q05DH4,2.5,END
RAB11A,Q15599,2.5,END
RAB11A,Q8IZQ1,2.5,END
RAB11A,Q96II5,2.5,END
RAB11A,Q9UJ41,2.5,END
RAB11A,Q9Y2D4,2.5,END
RAB11A,O00399,2,END
RAB11A,O15405,2,END
RAB11A,P55899,2,END
RAB11A,P78348,2,END
RAB11A,Q59FG2,2,END
RAB11A,Q86W33,2,END
RAB11A,Q9BZQ8,2,END
RAB11A,P51148,1.75,END
RAB9A,Q969F9,22,END
RAB9A,P12235,15,END
RAB9A,Q9Y5W8,15,END
RAB9A,Q9Y5W7,14,END
RAB9A,Q2NLD0,13.5,END
RAB9A,Q8IWE5,13.5,END
RAB9A,P42892,11,END
RAB9A,A4D1P6,8.5,END
RAB9A,Q8WXA3,8.5,END
RAB9A,P24386,8,END
RAB9A,Q5T1M5,8,END
RAB9A,Q9NQL2,7.5,END
RAB9A,P31150,6.5,END
RAB9A,Q2TAZ0,6.5,END
RAB9A,P35244,6,END
RAB9A,Q9H270,6,END
RAB9A,Q7L523,5.5,END
RAB9A,P23634,4.5,END
RAB9A,Q96S15,4.5,END
RAB9A,Q9BQD3,4.5,END
RAB9A,P20042,4.25,END
RAB9A,Q9BRJ6,4.25,END
RAB9A,Q9Y2Q5,4,END
RAB9A,O15504,3.5,END
RAB9A,P32019,3.5,END
RAB9A,Q96B45,3.25,END
RAB9A,A0A024RBS4,3,END
RAB9A,Q5R372,3,END
RAB9A,Q8N573,3,END
RAB9A,Q9Y519,3,END
RAB9A,O43504,2.5,END
RAB9A,P37108,2.5,END
RAB9A,Q13619,2.5,END
RAB9A,Q13740,2.5,END
RAB9A,Q15293,2.5,END
RAB9A,Q96J02,2.5,END
RAB9A,Q9NZD8,2.5,END
RAB9A,P10515,2.25,END
RAB9A,Q96FH0,2.25,END
RAB9A,O95747,2,END
RAB9A,Q15021,2,END
RAB9A,Q6ZVM7,2,END
RAB9A,Q9BZQ8,2,END
RAB9A,Q9H9S3,2,END
RAB9A,Q9NUU7,2,END
RPN1,Q9Y2G8,46.5,ER
RPN1,P0DMV9,26.5,ER
RPN1,O76024,23,ER
RPN1,Q59H91,19.5,ER
RPN1,Q9H490,19,ER
RPN1,Q99758,17,ER
RPN1,Q96GQ5,16.5,ER
RPN1,B3KU55,13.5,ER
RPN1,Q7L1W4,12,ER
RPN1,P36578,11,ER
RPN1,Q9NW15,10,ER
RPN1,O75844,9.5,ER
RPN1,Q6ZWT7,9,ER
RPN1,Q9NV66,8.5,ER
RPN1,Q8N2K0,8,ER
RPN1,Q5U5U6,7.5,ER
RPN1,Q8WY22,7.5,ER
RPN1,Q9H6U8,7,ER
RPN1,Q969N2,6.5,ER
RPN1,Q9NPA0,6.5,ER
RPN1,Q9NRC1,6.5,ER
RPN1,O14683,6,ER
RPN1,P60709,6,ER
RPN1,Q14728,6,ER
RPN1,Q16880,6,ER
RPN1,Q86XX4,6,ER
RPN1,Q9H1X3,6,ER
RPN1,Q9ULG6,6,ER
RPN1,O95070,5.5,ER
RPN1,Q92504,5.5,ER
RPN1,O95864,5,ER
RPN1,O96005,5,ER
RPN1,Q8WVP7,5,ER
RPN1,Q99442,5,ER
RPN1,Q9H6H4,5,ER
RPN1,Q6IAX2,4.5,ER
RPN1,Q8TEQ8,4.5,ER
RPN1,Q92521,4.5,ER
RPN1,Q92643,4.5,ER
RPN1,Q9NXW2,4.5,ER
RPN1,O00478,4,ER
RPN1,P00387,4,ER
RPN1,Q2PZI1,4,ER
RPN1,Q6P1M0,4,ER
RPN1,Q7Z7B1,4,ER
RPN1,Q96AQ6,4,ER
RPN1,O00767,3.5,ER
RPN1,P00167,3.5,ER
RPN1,P27544,3.5,ER
RPN1,Q6IAX1,3.5,ER
RPN1,Q8N0U8,3.5,ER
RPN1,Q8N5M9,3.5,ER
RPN1,Q96AA3,3.5,ER
RPN1,Q9NV64,3.5,ER
RPN1,A6NGC4,3,ER
RPN1,O60725,3,ER
RPN1,P62807,3,ER
RPN1,Q86TM6,3,ER
RPN1,Q86UC8,3,ER
RPN1,Q86WV6,3,ER
RPN1,Q9H330,3,ER
RPN1,Q9NX61,3,ER
RPN1,Q15011,2.5,ER
RPN1,Q70UQ0,2.5,ER
RPN1,Q8NCS4,2.5,ER
RPN1,Q9BQE5,2.5,ER
RPN1,Q9UBS9,2.5,ER
RPN1,P49448,2,ER
RPN1,Q00765,2,ER
RPN1,Q15125,2,ER
RPN1,Q6ZMG9,2,ER
RPN1,Q8TBM8,2,ER
RPN1,Q8TD43,2,ER
RPN1,Q96GZ6,2,ER
RPN1,Q9BVX2,2,ER
STX4,Q9P2J5,38,PM
STX4,Q9H2E6,19,PM
STX4,Q5T5C0,13.5,PM
STX4,Q06481,13,PM
STX4,Q9BTV5,9.5,PM
STX4,P28290,7.5,PM
STX4,Q09GN0,7.5,PM
STX4,P42702,5.5,PM
STX4,Q9ULS5,5,PM
STX4,P36383,4.5,PM
STX4,Q8NF91,4,PM
STX4,Q6UXM1,3.5,PM
STX4,Q9BZF9,2.5,PM
STX4,Q9HCU4,2,PM
TBA1A,Q71U36,793.75,MIC
TBA1A,P68363,610.5,MIC
TBA1A,Q16555,125.25,MIC
TBA1A,Q9BPU6,64.75,MIC
TBA1A,Q14195,61.25,MIC
TBA1A,O14531,45.5,MIC
TBA1A,Q14194,29.25,MIC
TBA1A,A6NHL2,21,MIC
TBA1A,Q9UK76,12,MIC
TBA1A,Q99471,11.5,MIC
TBA1A,Q8N4U5,7.25,MIC
TBA1A,Q9NQP4,5.5,MIC
TBA1A,Q9Y3R0,5,MIC
TBA1A,Q9BYV8,4.25,MIC
TBA1A,Q96GY0,3.5,MIC
TBA1A,Q9Y241,3.5,MIC
TBA1A,Q8WUH6,2.25,MIC
TBA1A,O15235,2,MIC
TGOLN2,O43493,48,GOL
TGOLN2,Q15811,37.75,GOL
TGOLN2,Q13439,26,GOL
TGOLN2,Q6P996,23.25,GOL
TGOLN2,P63010,19.75,GOL
TGOLN2,P53367,17.5,GOL
TGOLN2,Q10471,13.5,GOL
TGOLN2,Q8WU79,12.5,GOL
TGOLN2,O95219,10.5,GOL
TGOLN2,Q9Y296,9.25,GOL
TGOLN2,Q5T7V8,7.25,GOL
TGOLN2,O60499,7,GOL
TGOLN2,P98194,7,GOL
TGOLN2,C4AMC7,6.75,GOL
TGOLN2,P45880,5.5,GOL
TGOLN2,Q4ADV7,5.5,GOL
TGOLN2,Q96CN9,5.5,GOL
TGOLN2,O43747,5.25,GOL
TGOLN2,P82094,5,GOL
TGOLN2,Q9NUY8,5,GOL
TGOLN2,P48029,4.5,GOL
TGOLN2,Q86SZ2,4.5,GOL
TGOLN2,Q6ZMI0,4.25,GOL
TGOLN2,Q96L92,4,GOL
TGOLN2,P40818,3.75,GOL
TGOLN2,P62820,3.5,GOL
TGOLN2,Q9Y3C0,3.5,GOL
TGOLN2,Q9Y587,3.5,GOL
TGOLN2,Q9Y6I3,3.5,GOL
TGOLN2,O95208,3.25,GOL
TGOLN2,P98082,3.25,GOL
TGOLN2,P51398,3,GOL
TGOLN2,Q9UL33,3,GOL
TGOLN2,A2RU67,2.75,GOL
TGOLN2,P0DI82,2.75,GOL
TGOLN2,P13674,2.75,GOL
TGOLN2,Q9UJY5,2.75,GOL
TGOLN2,Q8WXE9,2.5,GOL
TGOLN2,Q86VS8,2.25,GOL
TGOLN2,Q8WUA7,2.25,GOL
TGOLN2,Q8IW50,2,GOL
TGOLN2,Q9H4A6,1.75,GOL
TGOLN2,Q9NSY1,1.75,GOL
TJP2,P49959,85.5,JUNC
TJP2,P55010,42,JUNC
TJP2,Q9P2B7,18.5,JUNC
TJP2,P78362,17,JUNC
TJP2,Q96QZ7,16.5,JUNC
TJP2,Q96SB4,14,JUNC
TJP2,Q9P2M7,10,JUNC
TJP2,Q5T0N5,7,JUNC
TJP2,Q86T74,6.5,JUNC
TJP2,Q96MW1,6.5,JUNC
TJP2,Q9BRP8,6,JUNC
TJP2,Q9H9I0,5.5,JUNC
TJP2,Q0PNE2,4,JUNC
TJP2,Q8IVM0,4,JUNC
TJP2,O43639,3.5,JUNC
TJP2,O95067,3,JUNC
TJP2,O95684,3,JUNC
TJP2,Q96B97,3,JUNC
TJP2,Q9H2U1,3,JUNC
TJP2,Q9H467,3,JUNC
TJP2,Q5SRT3,2.5,JUNC
TJP2,Q9NZI7,2,JUNC
TUBA4A,Q15555,37.5,MIC
TUBA4A,Q9ULD2,37,MIC
TUBA4A,Q5STK2,20,MIC
TUBA4A,Q99471,18.5,MIC
TUBA4A,Q9NUG6,12.5,MIC
TUBA4A,Q3KQU3,10.5,MIC
TUBA4A,Q9HC35,10.5,MIC
TUBA4A,P06733,10,MIC
TUBA4A,Q96T17,9.5,MIC
TUBA4A,Q13765,8,MIC
TUBA4A,Q8TF05,7.5,MIC
TUBA4A,Q9NYZ3,6,MIC
TUBA4A,Q6FGF7,5,MIC
TUBA4A,O75330,4.5,MIC
TUBA4A,Q96GY0,3.5,MIC
TUBA4A,Q9BQK8,3.5,MIC
TUBA4A,Q9ULX3,3.5,MIC
TUBA4A,Q8TE73,2.5,MIC
TUBA4A,O00139,2,MIC
TUBA4A,P15259,2,MIC
TUBA4A,Q9UHG0,2,MIC
TUBB,Q71U36,974.5,MIC
TUBB,P68366,812,MIC
TUBB,P68371,371,MIC
TUBB,Q59GB4,237.5,MIC
TUBB,Q6DEN2,141.5,MIC
TUBB,Q9BPU6,47.5,MIC
TUBB,X5DNI1,45.5,MIC
TUBB,O14531,35.5,MIC
TUBB,Q5STK2,18,MIC
TUBB,Q9H910,15.5,MIC
TUBB,Q14240,13,MIC
TUBB,Q99471,10,MIC
TUBB,Q9BYV8,9.5,MIC
TUBB,Q9UK76,8.5,MIC
TUBB,P62888,8,MIC
TUBB,P37837,4.5,MIC
TUBB,P61006,4.5,MIC
TUBB,Q15286,4.5,MIC
TUBB,Q8IYB5,4.5,MIC
TUBB,P08559,4,MIC
TUBB,P53992,3.5,MIC
TUBB,P55036,3.5,MIC
TUBB,P18754,3,MIC
TUBB,P29144,3,MIC
TUBB,Q14166,3,MIC
TUBB,Q9H7B2,3,MIC
TUBB,P08133,2.5,MIC
TUBB,Q9UBE0,2.5,MIC
TUBB,V9HW40,2.5,MIC
TUBB,P11802,2,MIC
TUBB,P49840,2,MIC
ZFPL1,Q9UBF2,379,GOL
ZFPL1,P53618,38.5,GOL
ZFPL1,Q9Y678,30.5,GOL
ZFPL1,Q9NW68,16,GOL
ZFPL1,Q4ADV7,15.5,GOL
ZFPL1,Q96CN9,13.5,GOL
ZFPL1,A0A024R0A8,11,GOL
ZFPL1,O94979,9.5,GOL
ZFPL1,Q96JB2,8,GOL
ZFPL1,Q14746,4,GOL
ZFPL1,Q9NYA4,3.5,GOL
ZFPL1,B4DUZ3,3,GOL
ZFPL1,Q8WUM9,2.5,GOL
ZFPL1,Q9UP83,2.5,GOL
ZFPL1,Q8IW50,2,GOL
ZFPL1,Q96KG9,2,GOL